"price","mileage","year","model","date","origin","d2005","d2006","d2007","d2008","d2009","d2010","d2011","d2012","d2013","d2014","d2015","d2016","website_id","car_id"
14998,48361,"2015","Scion tC",2020-12-17,"autotrader",0,0,0,0,0,0,0,0,0,0,1,0,1,2
12890,77585,"2015","Scion tC",2020-12-17,"autotrader",0,0,0,0,0,0,0,0,0,0,1,0,1,2
13988,34748,"2014","Scion tC",2020-12-17,"autotrader",0,0,0,0,0,0,0,0,0,1,0,0,1,2
9990,64583,"2013","Scion tC",2020-12-17,"autotrader",0,0,0,0,0,0,0,0,1,0,0,0,1,2
10888,89073,"2014","Scion tC",2020-12-17,"autotrader",0,0,0,0,0,0,0,0,0,1,0,0,1,2
8898,74215,"2011","Scion tC",2020-12-17,"autotrader",0,0,0,0,0,0,1,0,0,0,0,0,1,2
12500,78488,"2015","Scion tC",2020-12-17,"autotrader",0,0,0,0,0,0,0,0,0,0,1,0,1,2
6988,121932,"2007","Scion tC Spec",2020-12-17,"autotrader",0,0,1,0,0,0,0,0,0,0,0,0,1,2
14992,41165,"2016","Scion tC",2020-12-17,"autotrader",0,0,0,0,0,0,0,0,0,0,0,1,1,2
16111,17371,"2016","Scion tC",2020-12-17,"autotrader",0,0,0,0,0,0,0,0,0,0,0,1,1,2
3991,132640,"2005","Scion tC",2020-12-17,"autotrader",1,0,0,0,0,0,0,0,0,0,0,0,1,2
13000,39946,"2015","Scion tC",2020-12-17,"autotrader",0,0,0,0,0,0,0,0,0,0,1,0,1,2
2500,273490,"2007","Scion tC Spec",2020-12-17,"autotrader",0,0,1,0,0,0,0,0,0,0,0,0,1,2
4600,177149,"2010","Scion tC",2020-12-17,"autotrader",0,0,0,0,0,1,0,0,0,0,0,0,1,2
10500,75028,"2013","Scion tC",2020-12-17,"autotrader",0,0,0,0,0,0,0,0,1,0,0,0,1,2
5555,122080,"2007","Scion tC",2020-12-17,"autotrader",0,0,1,0,0,0,0,0,0,0,0,0,1,2
7490,112243,"2011","Scion tC",2020-12-17,"autotrader",0,0,0,0,0,0,1,0,0,0,0,0,1,2
12795,63466,"2014","Scion tC",2020-12-17,"autotrader",0,0,0,0,0,0,0,0,0,1,0,0,1,2
11999,61618,"2015","Scion tC",2020-12-17,"autotrader",0,0,0,0,0,0,0,0,0,0,1,0,1,2
9000,100170,"2013","Scion tC",2020-12-17,"autotrader",0,0,0,0,0,0,0,0,1,0,0,0,1,2
14836,56315,"2016","Scion tC",2020-12-17,"autotrader",0,0,0,0,0,0,0,0,0,0,0,1,1,2
12996,50155,"2014","Scion tC Monogram Series",2020-12-17,"autotrader",0,0,0,0,0,0,0,0,0,1,0,0,1,2
5771,107085,"2007","Scion tC",2020-12-17,"autotrader",0,0,1,0,0,0,0,0,0,0,0,0,1,2
12992,59621,"2014","Scion tC",2020-12-17,"autotrader",0,0,0,0,0,0,0,0,0,1,0,0,1,2
10990,70478,"2014","Scion tC",2020-12-17,"autotrader",0,0,0,0,0,0,0,0,0,1,0,0,1,2
9700,79709,"2012","Scion tC",2020-12-17,"autotrader",0,0,0,0,0,0,0,1,0,0,0,0,1,2
14777,50049,"2014","Scion tC",2020-12-17,"autotrader",0,0,0,0,0,0,0,0,0,1,0,0,1,2
11982,81312,"2014","Scion tC",2020-12-17,"autotrader",0,0,0,0,0,0,0,0,0,1,0,0,1,2
12695,65036,"2015","Scion tC",2020-12-17,"autotrader",0,0,0,0,0,0,0,0,0,0,1,0,1,2
12959,43557,"2013","Scion tC",2020-12-17,"autotrader",0,0,0,0,0,0,0,0,1,0,0,0,1,2
11900,78159,"2015","Scion tC",2020-12-17,"autotrader",0,0,0,0,0,0,0,0,0,0,1,0,1,2
12795,66510,"2015","Scion tC",2020-12-17,"autotrader",0,0,0,0,0,0,0,0,0,0,1,0,1,2
4995,146205,"2008","Scion tC",2020-12-17,"autotrader",0,0,0,1,0,0,0,0,0,0,0,0,1,2
13994,38843,"2015","Scion tC",2020-12-17,"autotrader",0,0,0,0,0,0,0,0,0,0,1,0,1,2
12495,63264,"2013","Scion tC",2020-12-17,"autotrader",0,0,0,0,0,0,0,0,1,0,0,0,1,2
5900,128000,"2010","Scion tC",2020-12-17,"autotrader",0,0,0,0,0,1,0,0,0,0,0,0,1,2
8995,92464,"2012","Scion tC",2020-12-17,"autotrader",0,0,0,0,0,0,0,1,0,0,0,0,1,2
9977,110310,"2014","Scion tC",2020-12-17,"autotrader",0,0,0,0,0,0,0,0,0,1,0,0,1,2
9000,118418,"2012","Scion tC",2020-12-17,"autotrader",0,0,0,0,0,0,0,1,0,0,0,0,1,2
10341,99385,"2014","Scion tC 10 Series",2020-12-17,"autotrader",0,0,0,0,0,0,0,0,0,1,0,0,1,2
13995,69026,"2013","Scion tC",2020-12-17,"autotrader",0,0,0,0,0,0,0,0,1,0,0,0,1,2
15444,57921,"2015","Scion tC",2020-12-17,"autotrader",0,0,0,0,0,0,0,0,0,0,1,0,1,2
4450,126175,"2007","Scion tC",2020-12-17,"autotrader",0,0,1,0,0,0,0,0,0,0,0,0,1,2
14993,75334,"2016","Scion tC",2020-12-17,"autotrader",0,0,0,0,0,0,0,0,0,0,0,1,1,2
8765,110270,"2012","Scion tC Release Series 7.0",2020-12-17,"autotrader",0,0,0,0,0,0,0,1,0,0,0,0,1,2
12597,35372,"2015","Scion tC",2020-12-17,"autotrader",0,0,0,0,0,0,0,0,0,0,1,0,1,2
10997,77285,"2014","Scion tC",2020-12-17,"autotrader",0,0,0,0,0,0,0,0,0,1,0,0,1,2
5492,121229,"2007","Scion tC Spec",2020-12-17,"autotrader",0,0,1,0,0,0,0,0,0,0,0,0,1,2
13150,51842,"2016","Scion tC",2020-12-17,"autotrader",0,0,0,0,0,0,0,0,0,0,0,1,1,2
6150,103185,"2007","Scion tC",2020-12-17,"autotrader",0,0,1,0,0,0,0,0,0,0,0,0,1,2
5995,111511,"2009","Scion tC",2020-12-17,"autotrader",0,0,0,0,1,0,0,0,0,0,0,0,1,2
3777,153000,"2009","Scion tC",2020-12-17,"autotrader",0,0,0,0,1,0,0,0,0,0,0,0,1,2
5988,77550,"2006","Scion tC",2020-12-17,"autotrader",0,1,0,0,0,0,0,0,0,0,0,0,1,2
4991,128792,"2006","Scion tC",2020-12-17,"autotrader",0,1,0,0,0,0,0,0,0,0,0,0,1,2
10999,93741,"2013","Scion tC",2020-12-17,"autotrader",0,0,0,0,0,0,0,0,1,0,0,0,1,2
4900,121804,"2010","Scion tC",2020-12-17,"autotrader",0,0,0,0,0,1,0,0,0,0,0,0,1,2
12999,70545,"2015","Scion tC",2020-12-17,"autotrader",0,0,0,0,0,0,0,0,0,0,1,0,1,2
4488,142832,"2007","Scion tC",2020-12-17,"autotrader",0,0,1,0,0,0,0,0,0,0,0,0,1,2
10999,89755,"2011","Scion tC",2020-12-17,"autotrader",0,0,0,0,0,0,1,0,0,0,0,0,1,2
8911,197536,"2015","Scion tC",2020-12-17,"autotrader",0,0,0,0,0,0,0,0,0,0,1,0,1,2
9988,132027,"2007","Scion tC",2020-12-17,"autotrader",0,0,1,0,0,0,0,0,0,0,0,0,1,2
6900,137111,"2008","Scion tC",2020-12-17,"autotrader",0,0,0,1,0,0,0,0,0,0,0,0,1,2
4695,141700,"2009","Scion tC",2020-12-17,"autotrader",0,0,0,0,1,0,0,0,0,0,0,0,1,2
14195,49503,"2015","Scion tC",2020-12-17,"autotrader",0,0,0,0,0,0,0,0,0,0,1,0,1,2
5995,152075,"2006","Scion tC",2020-12-17,"autotrader",0,1,0,0,0,0,0,0,0,0,0,0,1,2
5995,112904,"2005","Scion tC",2020-12-17,"autotrader",1,0,0,0,0,0,0,0,0,0,0,0,1,2
6291,116951,"2009","Scion tC",2020-12-17,"autotrader",0,0,0,0,1,0,0,0,0,0,0,0,1,2
6499,103485,"2006","Scion tC",2020-12-17,"autotrader",0,1,0,0,0,0,0,0,0,0,0,0,1,2
9999,110300,"2013","Scion tC",2020-12-17,"autotrader",0,0,0,0,0,0,0,0,1,0,0,0,1,2
9777,111272,"2013","Scion tC",2020-12-17,"autotrader",0,0,0,0,0,0,0,0,1,0,0,0,1,2
11333,97487,"2014","Scion tC",2020-12-17,"autotrader",0,0,0,0,0,0,0,0,0,1,0,0,1,2
10999,109703,"2014","Scion tC",2020-12-17,"autotrader",0,0,0,0,0,0,0,0,0,1,0,0,1,2
14995,26588,"2016","Scion tC",2020-12-17,"autotrader",0,0,0,0,0,0,0,0,0,0,0,1,1,2
11499,78850,"2012","Scion tC",2020-12-17,"autotrader",0,0,0,0,0,0,0,1,0,0,0,0,1,2
8999,95638,"2010","Scion tC",2020-12-17,"autotrader",0,0,0,0,0,1,0,0,0,0,0,0,1,2
7988,112000,"2013","Scion tC",2020-12-17,"autotrader",0,0,0,0,0,0,0,0,1,0,0,0,1,2
12598,78000,"2014","Scion tC",2020-12-17,"autotrader",0,0,0,0,0,0,0,0,0,1,0,0,1,2
7999,105881,"2015","Scion tC",2020-12-17,"autotrader",0,0,0,0,0,0,0,0,0,0,1,0,1,2
5888,110438,"2007","Scion tC Spec",2020-12-17,"autotrader",0,0,1,0,0,0,0,0,0,0,0,0,1,2
10995,110099,"2015","Scion tC",2020-12-17,"autotrader",0,0,0,0,0,0,0,0,0,0,1,0,1,2
4977,133723,"2009","Scion tC",2020-12-17,"autotrader",0,0,0,0,1,0,0,0,0,0,0,0,1,2
5977,146813,"2006","Scion tC",2020-12-17,"autotrader",0,1,0,0,0,0,0,0,0,0,0,0,1,2
11300,63003,"2013","Scion tC",2020-12-17,"autotrader",0,0,0,0,0,0,0,0,1,0,0,0,1,2
9999,144705,"2012","Scion tC",2020-12-17,"autotrader",0,0,0,0,0,0,0,1,0,0,0,0,1,2
3990,158000,"2007","Scion tC",2020-12-17,"autotrader",0,0,1,0,0,0,0,0,0,0,0,0,1,2
14995,73738,"2014","Scion tC",2020-12-17,"autotrader",0,0,0,0,0,0,0,0,0,1,0,0,1,2
6500,115307,"2007","Scion tC",2020-12-17,"autotrader",0,0,1,0,0,0,0,0,0,0,0,0,1,2
9500,100658,"2016","Scion tC",2020-12-17,"autotrader",0,0,0,0,0,0,0,0,0,0,0,1,1,2
9995,95709,"2014","Scion tC",2020-12-17,"autotrader",0,0,0,0,0,0,0,0,0,1,0,0,1,2
6995,132694,"2010","Scion tC",2020-12-17,"autotrader",0,0,0,0,0,1,0,0,0,0,0,0,1,2
7995,125941,"2013","Scion tC",2020-12-17,"autotrader",0,0,0,0,0,0,0,0,1,0,0,0,1,2
12500,84690,"2014","Scion tC",2020-12-17,"autotrader",0,0,0,0,0,0,0,0,0,1,0,0,1,2
9995,90005,"2012","Scion tC",2020-12-17,"autotrader",0,0,0,0,0,0,0,1,0,0,0,0,1,2
11500,74087,"2015","Scion tC",2020-12-17,"autotrader",0,0,0,0,0,0,0,0,0,0,1,0,1,2
9999,73933,"2011","Scion tC",2020-12-17,"autotrader",0,0,0,0,0,0,1,0,0,0,0,0,1,2
11991,90573,"2015","Scion tC",2020-12-17,"autotrader",0,0,0,0,0,0,0,0,0,0,1,0,1,2
7998,59232,"2008","Scion tC",2020-12-17,"autotrader",0,0,0,1,0,0,0,0,0,0,0,0,1,2
8495,125892,"2012","Scion tC",2020-12-17,"autotrader",0,0,0,0,0,0,0,1,0,0,0,0,1,2
15929,56545,"2016","Scion tC",2020-12-17,"autotrader",0,0,0,0,0,0,0,0,0,0,0,1,1,2
9999,113020,"2013","Scion tC",2020-12-17,"autotrader",0,0,0,0,0,0,0,0,1,0,0,0,1,2
6599,152699,"2009","Scion tC",2020-12-17,"autotrader",0,0,0,0,1,0,0,0,0,0,0,0,1,2
5991,139346,"2008","Scion tC",2020-12-17,"autotrader",0,0,0,1,0,0,0,0,0,0,0,0,1,2
9500,112159,"2013","Scion tC",2020-12-17,"autotrader",0,0,0,0,0,0,0,0,1,0,0,0,1,2
11498,83898,"2012","Scion tC",2020-12-17,"autotrader",0,0,0,0,0,0,0,1,0,0,0,0,1,2
14988,85574,"2015","Scion tC",2020-12-17,"autotrader",0,0,0,0,0,0,0,0,0,0,1,0,1,2
7999,166712,"2009","Scion tC",2020-12-17,"autotrader",0,0,0,0,1,0,0,0,0,0,0,0,1,2
4995,144613,"2005","Scion tC",2020-12-17,"autotrader",1,0,0,0,0,0,0,0,0,0,0,0,1,2
7999,138556,"2011","Scion tC",2020-12-17,"autotrader",0,0,0,0,0,0,1,0,0,0,0,0,1,2
12995,79733,"2014","Scion tC",2020-12-17,"autotrader",0,0,0,0,0,0,0,0,0,1,0,0,1,2
6499,132513,"2008","Scion tC",2020-12-17,"autotrader",0,0,0,1,0,0,0,0,0,0,0,0,1,2
5499,130586,"2008","Scion tC",2020-12-17,"autotrader",0,0,0,1,0,0,0,0,0,0,0,0,1,2
8995,170918,"2013","Scion tC",2020-12-17,"autotrader",0,0,0,0,0,0,0,0,1,0,0,0,1,2
14983,28703,"2016","Scion tC",2020-12-17,"autotrader",0,0,0,0,0,0,0,0,0,0,0,1,1,2
11750,104802,"2014","Scion tC",2020-12-17,"cars",0,0,0,0,0,0,0,0,0,1,0,0,2,2
13988,34748,"2014","Scion tC",2020-12-17,"cars",0,0,0,0,0,0,0,0,0,1,0,0,2,2
9700,79709,"2012","Scion tC Base",2020-12-17,"cars",0,0,0,0,0,0,0,1,0,0,0,0,2,2
8898,74215,"2011","Scion tC Base",2020-12-17,"cars",0,0,0,0,0,0,1,0,0,0,0,0,2,2
12500,78488,"2015","Scion tC Base",2020-12-17,"cars",0,0,0,0,0,0,0,0,0,0,1,0,2,2
9999,113710,"2011","Scion tC Base",2020-12-17,"cars",0,0,0,0,0,0,1,0,0,0,0,0,2,2
9990,64583,"2013","Scion tC",2020-12-17,"cars",0,0,0,0,0,0,0,0,1,0,0,0,2,2
10995,110099,"2015","Scion tC Base",2020-12-17,"cars",0,0,0,0,0,0,0,0,0,0,1,0,2,2
7995,129026,"2012","Scion tC Base",2020-12-17,"cars",0,0,0,0,0,0,0,1,0,0,0,0,2,2
10590,76995,"2012","Scion tC",2020-12-17,"cars",0,0,0,0,0,0,0,1,0,0,0,0,2,2
12990,77440,"2015","Scion tC",2020-12-17,"cars",0,0,0,0,0,0,0,0,0,0,1,0,2,2
16990,4509,"2015","Scion tC",2020-12-17,"cars",0,0,0,0,0,0,0,0,0,0,1,0,2,2
3777,153000,"2009","Scion tC",2020-12-17,"cars",0,0,0,0,1,0,0,0,0,0,0,0,2,2
4600,177149,"2010","Scion tC",2020-12-17,"cars",0,0,0,0,0,1,0,0,0,0,0,0,2,2
2500,273490,"2007","Scion tC Base",2020-12-17,"cars",0,0,1,0,0,0,0,0,0,0,0,0,2,2
9195,126342,"2011","Scion tC Base",2020-12-17,"cars",0,0,0,0,0,0,1,0,0,0,0,0,2,2
6495,117932,"2010","Scion tC",2020-12-17,"cars",0,0,0,0,0,1,0,0,0,0,0,0,2,2
6850,97303,"2008","Scion tC",2020-12-17,"cars",0,0,0,1,0,0,0,0,0,0,0,0,2,2
10890,84601,"2014","Scion tC",2020-12-17,"cars",0,0,0,0,0,0,0,0,0,1,0,0,2,2
12990,92447,"2014","Scion tC Monogram",2020-12-17,"cars",0,0,0,0,0,0,0,0,0,1,0,0,2,2
12500,89416,"2016","Scion tC Base",2020-12-17,"cars",0,0,0,0,0,0,0,0,0,0,0,1,2,2
6150,103185,"2007","Scion tC Base",2020-12-17,"cars",0,0,1,0,0,0,0,0,0,0,0,0,2,2
12597,35372,"2015","Scion tC",2020-12-17,"cars",0,0,0,0,0,0,0,0,0,0,1,0,2,2
9500,100658,"2016","Scion tC Base",2020-12-17,"cars",0,0,0,0,0,0,0,0,0,0,0,1,2,2
13333,107435,"2015","Scion tC 2.5L",2020-12-17,"cars",0,0,0,0,0,0,0,0,0,0,1,0,2,2
5888,110438,"2007","Scion tC Base",2020-12-17,"cars",0,0,1,0,0,0,0,0,0,0,0,0,2,2
6988,121932,"2007","Scion tC Base",2020-12-17,"cars",0,0,1,0,0,0,0,0,0,0,0,0,2,2
14995,26588,"2016","Scion tC Base",2020-12-17,"cars",0,0,0,0,0,0,0,0,0,0,0,1,2,2
8911,197536,"2015","Scion tC",2020-12-17,"cars",0,0,0,0,0,0,0,0,0,0,1,0,2,2
7995,125941,"2013","Scion tC Base",2020-12-17,"cars",0,0,0,0,0,0,0,0,1,0,0,0,2,2
16111,17371,"2016","Scion tC Base",2020-12-17,"cars",0,0,0,0,0,0,0,0,0,0,0,1,2,2
10500,75028,"2013","Scion tC Base",2020-12-17,"cars",0,0,0,0,0,0,0,0,1,0,0,0,2,2
11900,78159,"2015","Scion tC Base",2020-12-17,"cars",0,0,0,0,0,0,0,0,0,0,1,0,2,2
14990,43219,"2015","Scion tC",2020-12-17,"cars",0,0,0,0,0,0,0,0,0,0,1,0,2,2
15990,20970,"2015","Scion tC",2020-12-17,"cars",0,0,0,0,0,0,0,0,0,0,1,0,2,2
8999,135708,"2013","Scion tC",2020-12-17,"cars",0,0,0,0,0,0,0,0,1,0,0,0,2,2
5995,111511,"2009","Scion tC",2020-12-17,"cars",0,0,0,0,1,0,0,0,0,0,0,0,2,2
11999,61618,"2015","Scion tC",2020-12-17,"cars",0,0,0,0,0,0,0,0,0,0,1,0,2,2
15444,57921,"2015","Scion tC Base",2020-12-17,"cars",0,0,0,0,0,0,0,0,0,0,1,0,2,2
14998,59801,"2014","Scion tC Monogram",2020-12-17,"cars",0,0,0,0,0,0,0,0,0,1,0,0,2,2
9999,110300,"2013","Scion tC Base",2020-12-17,"cars",0,0,0,0,0,0,0,0,1,0,0,0,2,2
12088,86583,"2015","Scion tC Base",2020-12-17,"cars",0,0,0,0,0,0,0,0,0,0,1,0,2,2
11777,98065,"2015","Scion tC",2020-12-17,"cars",0,0,0,0,0,0,0,0,0,0,1,0,2,2
5905,188304,"2007","Scion tC Base",2020-12-17,"cars",0,0,1,0,0,0,0,0,0,0,0,0,2,2
12500,60342,"2013","Scion tC",2020-12-17,"cars",0,0,0,0,0,0,0,0,1,0,0,0,2,2
10995,95324,"2012","Scion tC",2020-12-17,"cars",0,0,0,0,0,0,0,1,0,0,0,0,2,2
8765,110270,"2012","Scion tC Release Series 7.0",2020-12-17,"cars",0,0,0,0,0,0,0,1,0,0,0,0,2,2
9777,111272,"2013","Scion tC",2020-12-17,"cars",0,0,0,0,0,0,0,0,1,0,0,0,2,2
5995,112904,"2005","Scion tC",2020-12-17,"cars",1,0,0,0,0,0,0,0,0,0,0,0,2,2
11300,63003,"2013","Scion tC",2020-12-17,"cars",0,0,0,0,0,0,0,0,1,0,0,0,2,2
11991,90573,"2015","Scion tC",2020-12-17,"cars",0,0,0,0,0,0,0,0,0,0,1,0,2,2
9500,112159,"2013","Scion tC",2020-12-17,"cars",0,0,0,0,0,0,0,0,1,0,0,0,2,2
11982,81312,"2014","Scion tC",2020-12-17,"cars",0,0,0,0,0,0,0,0,0,1,0,0,2,2
7988,112000,"2013","Scion tC SPORTS 6-SPD",2020-12-17,"cars",0,0,0,0,0,0,0,0,1,0,0,0,2,2
14599,70454,"2015","Scion tC",2020-12-17,"cars",0,0,0,0,0,0,0,0,0,0,1,0,2,2
5000,171936,"2008","Scion tC",2020-12-17,"cars",0,0,0,1,0,0,0,0,0,0,0,0,2,2
12991,66460,"2014","Scion tC",2020-12-17,"cars",0,0,0,0,0,0,0,0,0,1,0,0,2,2
8999,95638,"2010","Scion tC",2020-12-17,"cars",0,0,0,0,0,1,0,0,0,0,0,0,2,2
5900,128000,"2010","Scion tC",2020-12-17,"cars",0,0,0,0,0,1,0,0,0,0,0,0,2,2
14836,56315,"2016","Scion tC Base",2020-12-17,"cars",0,0,0,0,0,0,0,0,0,0,0,1,2,2
10950,90932,"2014","Scion tC Monogram",2020-12-17,"cars",0,0,0,0,0,0,0,0,0,1,0,0,2,2
13150,51842,"2016","Scion tC Base",2020-12-17,"cars",0,0,0,0,0,0,0,0,0,0,0,1,2,2
12996,50155,"2014","Scion tC Monogram",2020-12-17,"cars",0,0,0,0,0,0,0,0,0,1,0,0,2,2
6985,47213,"2008","Scion tC",2020-12-17,"cars",0,0,0,1,0,0,0,0,0,0,0,0,2,2
12992,59621,"2014","Scion tC",2020-12-17,"cars",0,0,0,0,0,0,0,0,0,1,0,0,2,2
7999,138556,"2011","Scion tC Base",2020-12-17,"cars",0,0,0,0,0,0,1,0,0,0,0,0,2,2
6599,152699,"2009","Scion tC",2020-12-17,"cars",0,0,0,0,1,0,0,0,0,0,0,0,2,2
12999,70545,"2015","Scion tC Release Series 9.0",2020-12-17,"cars",0,0,0,0,0,0,0,0,0,0,1,0,2,2
6291,116951,"2009","Scion tC",2020-12-17,"cars",0,0,0,0,1,0,0,0,0,0,0,0,2,2
4991,128792,"2006","Scion tC",2020-12-17,"cars",0,1,0,0,0,0,0,0,0,0,0,0,2,2
9999,78650,"2014","Scion tC",2020-12-17,"cars",0,0,0,0,0,0,0,0,0,1,0,0,2,2
9988,132027,"2007","Scion tC Base",2020-12-17,"cars",0,0,1,0,0,0,0,0,0,0,0,0,2,2
14595,50803,"2015","Scion tC Base",2020-12-17,"cars",0,0,0,0,0,0,0,0,0,0,1,0,2,2
12598,78000,"2014","Scion tC Anniversary Edition",2020-12-17,"cars",0,0,0,0,0,0,0,0,0,1,0,0,2,2
7999,105881,"2015","Scion tC SPORTS 6-SPD",2020-12-17,"cars",0,0,0,0,0,0,0,0,0,0,1,0,2,2
11333,97487,"2014","Scion tC",2020-12-17,"cars",0,0,0,0,0,0,0,0,0,1,0,0,2,2
14988,85574,"2015","Scion tC 9.0",2020-12-17,"cars",0,0,0,0,0,0,0,0,0,0,1,0,2,2
14998,52538,"2015","Scion tC",2020-12-17,"cars",0,0,0,0,0,0,0,0,0,0,1,0,2,2
8495,125892,"2012","Scion tC Base",2020-12-17,"cars",0,0,0,0,0,0,0,1,0,0,0,0,2,2
5990,131271,"2009","Scion tC",2020-12-17,"cars",0,0,0,0,1,0,0,0,0,0,0,0,2,2
11995,45000,"2015","Scion tC",2020-12-17,"cars",0,0,0,0,0,0,0,0,0,0,1,0,2,2
12998,90323,"2014","Scion tC",2020-12-17,"cars",0,0,0,0,0,0,0,0,0,1,0,0,2,2
14998,48361,"2015","Scion tC",2020-12-17,"cars",0,0,0,0,0,0,0,0,0,0,1,0,2,2
6950,131037,"2007","Scion tC Base",2020-12-17,"cars",0,0,1,0,0,0,0,0,0,0,0,0,2,2
12998,59735,"2011","Scion tC Base",2020-12-17,"cars",0,0,0,0,0,0,1,0,0,0,0,0,2,2
11599,63206,"2010","Scion tC",2020-12-17,"cars",0,0,0,0,0,1,0,0,0,0,0,0,2,2
9998,117990,"2012","Scion tC",2020-12-17,"cars",0,0,0,0,0,0,0,1,0,0,0,0,2,2
11599,85559,"2013","Scion tC",2020-12-17,"cars",0,0,0,0,0,0,0,0,1,0,0,0,2,2
12590,48309,"2012","Scion tC",2020-12-17,"cars",0,0,0,0,0,0,0,1,0,0,0,0,2,2
13990,42268,"2013","Scion tC",2020-12-17,"cars",0,0,0,0,0,0,0,0,1,0,0,0,2,2
12590,78109,"2012","Scion tC",2020-12-17,"cars",0,0,0,0,0,0,0,1,0,0,0,0,2,2
12590,79818,"2014","Scion tC 10 Series",2020-12-17,"cars",0,0,0,0,0,0,0,0,0,1,0,0,2,2
10995,74562,"2012","Scion tC",2020-12-17,"cars",0,0,0,0,0,0,0,1,0,0,0,0,2,2
4995,144613,"2005","Scion tC",2020-12-17,"cars",1,0,0,0,0,0,0,0,0,0,0,0,2,2
13990,71816,"2015","Scion tC",2020-12-17,"cars",0,0,0,0,0,0,0,0,0,0,1,0,2,2
5492,121229,"2007","Scion tC Base",2020-12-17,"cars",0,0,1,0,0,0,0,0,0,0,0,0,2,2
11288,83245,"2015","Scion tC Base",2020-12-17,"cars",0,0,0,0,0,0,0,0,0,0,1,0,2,2
11590,72567,"2013","Scion tC",2020-12-17,"cars",0,0,0,0,0,0,0,0,1,0,0,0,2,2
12990,100440,"2015","Scion tC",2020-12-17,"cars",0,0,0,0,0,0,0,0,0,0,1,0,2,2
7998,145044,"2008","Scion tC",2020-12-17,"cars",0,0,0,1,0,0,0,0,0,0,0,0,2,2
12995,79733,"2014","Scion tC Base",2020-12-17,"cars",0,0,0,0,0,0,0,0,0,1,0,0,2,2
5771,107085,"2007","Scion tC Base",2020-12-17,"cars",0,0,1,0,0,0,0,0,0,0,0,0,2,2
4995,117925,"2007","Scion tC Base",2020-12-17,"cars",0,0,1,0,0,0,0,0,0,0,0,0,2,2
8995,170918,"2013","Scion tC",2020-12-17,"cars",0,0,0,0,0,0,0,0,1,0,0,0,2,2
11500,74087,"2015","Scion tC Base",2020-12-17,"cars",0,0,0,0,0,0,0,0,0,0,1,0,2,2
10590,76995,"2012","Scion tC",2020-12-17,"truecar",0,0,0,0,0,0,0,1,0,0,0,0,3,2
7999,85624,"2013","Scion tC",2020-12-17,"truecar",0,0,0,0,0,0,0,0,1,0,0,0,3,2
4500,174831,"2009","Scion tC",2020-12-17,"truecar",0,0,0,0,1,0,0,0,0,0,0,0,3,2
9990,64583,"2013","Scion tC",2020-12-17,"truecar",0,0,0,0,0,0,0,0,1,0,0,0,3,2
11450,62158,"2015","Scion tC",2020-12-17,"truecar",0,0,0,0,0,0,0,0,0,0,1,0,3,2
8898,74215,"2011","Scion tC",2020-12-17,"truecar",0,0,0,0,0,0,1,0,0,0,0,0,3,2
8649,90114,"2013","Scion tC",2020-12-17,"truecar",0,0,0,0,0,0,0,0,1,0,0,0,3,2
9500,100658,"2016","Scion tC",2020-12-17,"truecar",0,0,0,0,0,0,0,0,0,0,0,1,3,2
10990,63755,"2011","Scion tC",2020-12-17,"truecar",0,0,0,0,0,0,1,0,0,0,0,0,3,2
9993,107650,"2015","Scion tC",2020-12-17,"truecar",0,0,0,0,0,0,0,0,0,0,1,0,3,2
7995,129026,"2012","Scion tC",2020-12-17,"truecar",0,0,0,0,0,0,0,1,0,0,0,0,3,2
10888,89073,"2014","Scion tC",2020-12-17,"truecar",0,0,0,0,0,0,0,0,0,1,0,0,3,2
6499,147698,"2013","Scion tC",2020-12-17,"truecar",0,0,0,0,0,0,0,0,1,0,0,0,3,2
12995,62345,"2016","Scion tC",2020-12-17,"truecar",0,0,0,0,0,0,0,0,0,0,0,1,3,2
12990,77440,"2015","Scion tC",2020-12-17,"truecar",0,0,0,0,0,0,0,0,0,0,1,0,3,2
11900,78159,"2015","Scion tC",2020-12-17,"truecar",0,0,0,0,0,0,0,0,0,0,1,0,3,2
13988,34748,"2014","Scion tC",2020-12-17,"truecar",0,0,0,0,0,0,0,0,0,1,0,0,3,2
8888,103744,"2013","Scion tC",2020-12-17,"truecar",0,0,0,0,0,0,0,0,1,0,0,0,3,2
12499,54524,"2015","Scion tC",2020-12-17,"truecar",0,0,0,0,0,0,0,0,0,0,1,0,3,2
11995,72925,"2016","Scion tC",2020-12-17,"truecar",0,0,0,0,0,0,0,0,0,0,0,1,3,2
4450,126175,"2007","Scion tC",2020-12-17,"truecar",0,0,1,0,0,0,0,0,0,0,0,0,3,2
7999,105881,"2015","Scion tC",2020-12-17,"truecar",0,0,0,0,0,0,0,0,0,0,1,0,3,2
4995,144613,"2005","Scion tC",2020-12-17,"truecar",1,0,0,0,0,0,0,0,0,0,0,0,3,2
5988,77550,"2006","Scion tC",2020-12-17,"truecar",0,1,0,0,0,0,0,0,0,0,0,0,3,2
4995,117925,"2007","Scion tC",2020-12-17,"truecar",0,0,1,0,0,0,0,0,0,0,0,0,3,2
6999,135450,"2012","Scion tC",2020-12-17,"truecar",0,0,0,0,0,0,0,1,0,0,0,0,3,2
7995,125941,"2013","Scion tC",2020-12-17,"truecar",0,0,0,0,0,0,0,0,1,0,0,0,3,2
13000,39946,"2015","Scion tC",2020-12-17,"truecar",0,0,0,0,0,0,0,0,0,0,1,0,3,2
3777,153000,"2009","Scion tC",2020-12-17,"truecar",0,0,0,0,1,0,0,0,0,0,0,0,3,2
12590,79818,"2014","Scion tC",2020-12-17,"truecar",0,0,0,0,0,0,0,0,0,1,0,0,3,2
11300,63003,"2013","Scion tC",2020-12-17,"truecar",0,0,0,0,0,0,0,0,1,0,0,0,3,2
10500,75028,"2013","Scion tC",2020-12-17,"truecar",0,0,0,0,0,0,0,0,1,0,0,0,3,2
7250,75720,"2006","Scion tC",2020-12-17,"truecar",0,1,0,0,0,0,0,0,0,0,0,0,3,2
9700,79709,"2012","Scion tC",2020-12-17,"truecar",0,0,0,0,0,0,0,1,0,0,0,0,3,2
10341,99385,"2014","Scion tC",2020-12-17,"truecar",0,0,0,0,0,0,0,0,0,1,0,0,3,2
11991,90573,"2015","Scion tC",2020-12-17,"truecar",0,0,0,0,0,0,0,0,0,0,1,0,3,2
12597,35372,"2015","Scion tC",2020-12-17,"truecar",0,0,0,0,0,0,0,0,0,0,1,0,3,2
10995,110099,"2015","Scion tC",2020-12-17,"truecar",0,0,0,0,0,0,0,0,0,0,1,0,3,2
14995,26588,"2016","Scion tC",2020-12-17,"truecar",0,0,0,0,0,0,0,0,0,0,0,1,3,2
12500,78488,"2015","Scion tC",2020-12-17,"truecar",0,0,0,0,0,0,0,0,0,0,1,0,3,2
13995,66381,"2016","Scion tC",2020-12-17,"truecar",0,0,0,0,0,0,0,0,0,0,0,1,3,2
14983,28703,"2016","Scion tC",2020-12-17,"truecar",0,0,0,0,0,0,0,0,0,0,0,1,3,2
12999,70545,"2015","Scion tC",2020-12-17,"truecar",0,0,0,0,0,0,0,0,0,0,1,0,3,2
6495,117932,"2010","Scion tC",2020-12-17,"truecar",0,0,0,0,0,1,0,0,0,0,0,0,3,2
13590,64210,"2014","Scion tC",2020-12-17,"truecar",0,0,0,0,0,0,0,0,0,1,0,0,3,2
8911,197536,"2015","Scion tC",2020-12-17,"truecar",0,0,0,0,0,0,0,0,0,0,1,0,3,2
8495,80936,"2011","Scion tC",2020-12-17,"truecar",0,0,0,0,0,0,1,0,0,0,0,0,3,2
16111,17371,"2016","Scion tC",2020-12-17,"truecar",0,0,0,0,0,0,0,0,0,0,0,1,3,2
13990,61345,"2015","Scion tC",2020-12-17,"truecar",0,0,0,0,0,0,0,0,0,0,1,0,3,2
8980,167072,"2013","Scion tC",2020-12-17,"truecar",0,0,0,0,0,0,0,0,1,0,0,0,3,2
12140,77585,"2015","Scion tC",2020-12-17,"truecar",0,0,0,0,0,0,0,0,0,0,1,0,3,2
13990,42268,"2013","Scion tC",2020-12-17,"truecar",0,0,0,0,0,0,0,0,1,0,0,0,3,2
11590,72567,"2013","Scion tC",2020-12-17,"truecar",0,0,0,0,0,0,0,0,1,0,0,0,3,2
11990,65960,"2013","Scion tC",2020-12-17,"truecar",0,0,0,0,0,0,0,0,1,0,0,0,3,2
12590,48309,"2012","Scion tC",2020-12-17,"truecar",0,0,0,0,0,0,0,1,0,0,0,0,3,2
14300,56463,"2016","Scion tC",2020-12-17,"truecar",0,0,0,0,0,0,0,0,0,0,0,1,3,2
11995,45000,"2015","Scion tC",2020-12-17,"truecar",0,0,0,0,0,0,0,0,0,0,1,0,3,2
7000,101074,"2008","Scion tC",2020-12-17,"truecar",0,0,0,1,0,0,0,0,0,0,0,0,3,2
9500,112159,"2013","Scion tC",2020-12-17,"truecar",0,0,0,0,0,0,0,0,1,0,0,0,3,2
9000,100170,"2013","Scion tC",2020-12-17,"truecar",0,0,0,0,0,0,0,0,1,0,0,0,3,2
6291,116951,"2009","Scion tC",2020-12-17,"truecar",0,0,0,0,1,0,0,0,0,0,0,0,3,2
4900,129589,"2008","Scion tC",2020-12-17,"truecar",0,0,0,1,0,0,0,0,0,0,0,0,3,2
12990,92447,"2014","Scion tC",2020-12-17,"truecar",0,0,0,0,0,0,0,0,0,1,0,0,3,2
11750,104802,"2014","Scion tC",2020-12-17,"truecar",0,0,0,0,0,0,0,0,0,1,0,0,3,2
11590,89336,"2012","Scion tC",2020-12-17,"truecar",0,0,0,0,0,0,0,1,0,0,0,0,3,2
5555,122080,"2007","Scion tC",2020-12-17,"truecar",0,0,1,0,0,0,0,0,0,0,0,0,3,2
14999,32622,"2016","Scion tC",2020-12-17,"truecar",0,0,0,0,0,0,0,0,0,0,0,1,3,2
5492,121229,"2007","Scion tC",2020-12-17,"truecar",0,0,1,0,0,0,0,0,0,0,0,0,3,2
11990,96119,"2013","Scion tC",2020-12-17,"truecar",0,0,0,0,0,0,0,0,1,0,0,0,3,2
14995,43355,"2016","Scion tC",2020-12-17,"truecar",0,0,0,0,0,0,0,0,0,0,0,1,3,2
8495,125892,"2012","Scion tC",2020-12-17,"truecar",0,0,0,0,0,0,0,1,0,0,0,0,3,2
11988,50254,"2013","Scion tC",2020-12-17,"truecar",0,0,0,0,0,0,0,0,1,0,0,0,3,2
12750,66942,"2015","Scion tC",2020-12-17,"truecar",0,0,0,0,0,0,0,0,0,0,1,0,3,2
14777,50049,"2014","Scion tC",2020-12-17,"truecar",0,0,0,0,0,0,0,0,0,1,0,0,3,2
11895,63989,"2013","Scion tC",2020-12-17,"truecar",0,0,0,0,0,0,0,0,1,0,0,0,3,2
13333,107435,"2015","Scion tC",2020-12-17,"truecar",0,0,0,0,0,0,0,0,0,0,1,0,3,2
9195,126342,"2011","Scion tC",2020-12-17,"truecar",0,0,0,0,0,0,1,0,0,0,0,0,3,2
12749,78228,"2014","Scion tC",2020-12-17,"truecar",0,0,0,0,0,0,0,0,0,1,0,0,3,2
5900,128000,"2010","Scion tC",2020-12-17,"truecar",0,0,0,0,0,1,0,0,0,0,0,0,3,2
14836,56315,"2016","Scion tC",2020-12-17,"truecar",0,0,0,0,0,0,0,0,0,0,0,1,3,2
10787,93197,"2013","Scion tC",2020-12-17,"truecar",0,0,0,0,0,0,0,0,1,0,0,0,3,2
8295,121000,"2012","Scion tC",2020-12-17,"truecar",0,0,0,0,0,0,0,1,0,0,0,0,3,2
12598,78000,"2014","Scion tC",2020-12-17,"truecar",0,0,0,0,0,0,0,0,0,1,0,0,3,2
8999,135708,"2013","Scion tC",2020-12-17,"truecar",0,0,0,0,0,0,0,0,1,0,0,0,3,2
6150,103185,"2007","Scion tC",2020-12-17,"truecar",0,0,1,0,0,0,0,0,0,0,0,0,3,2
11333,97487,"2014","Scion tC",2020-12-17,"truecar",0,0,0,0,0,0,0,0,0,1,0,0,3,2
14995,73738,"2014","Scion tC",2020-12-17,"truecar",0,0,0,0,0,0,0,0,0,1,0,0,3,2
9377,134621,"2012","Scion tC",2020-12-17,"truecar",0,0,0,0,0,0,0,1,0,0,0,0,3,2
6950,131037,"2007","Scion tC",2020-12-17,"truecar",0,0,1,0,0,0,0,0,0,0,0,0,3,2
7999,138556,"2011","Scion tC",2020-12-17,"truecar",0,0,0,0,0,0,1,0,0,0,0,0,3,2
10999,93741,"2013","Scion tC",2020-12-17,"truecar",0,0,0,0,0,0,0,0,1,0,0,0,3,2
8700,122404,"2011","Scion tC",2020-12-17,"truecar",0,0,0,0,0,0,1,0,0,0,0,0,3,2
14395,82542,"2015","Scion tC",2020-12-17,"truecar",0,0,0,0,0,0,0,0,0,0,1,0,3,2
14595,50803,"2015","Scion tC",2020-12-17,"truecar",0,0,0,0,0,0,0,0,0,0,1,0,3,2
6988,121932,"2007","Scion tC",2020-12-17,"truecar",0,0,1,0,0,0,0,0,0,0,0,0,3,2
12995,79733,"2014","Scion tC",2020-12-17,"truecar",0,0,0,0,0,0,0,0,0,1,0,0,3,2
12500,60342,"2013","Scion tC",2020-12-17,"truecar",0,0,0,0,0,0,0,0,1,0,0,0,3,2
13999,47583,"2014","Scion tC",2020-12-17,"truecar",0,0,0,0,0,0,0,0,0,1,0,0,3,2
8998,96771,"2013","Scion tC",2020-12-17,"truecar",0,0,0,0,0,0,0,0,1,0,0,0,3,2
5995,112904,"2005","Scion tC",2020-12-17,"truecar",1,0,0,0,0,0,0,0,0,0,0,0,3,2
10995,95324,"2012","Scion tC",2020-12-17,"truecar",0,0,0,0,0,0,0,1,0,0,0,0,3,2
11499,78850,"2012","Scion tC",2020-12-17,"truecar",0,0,0,0,0,0,0,1,0,0,0,0,3,2
10995,74562,"2012","Scion tC",2020-12-17,"truecar",0,0,0,0,0,0,0,1,0,0,0,0,3,2
9999,110308,"2013","Scion tC",2020-12-17,"truecar",0,0,0,0,0,0,0,0,1,0,0,0,3,2
10999,109703,"2014","Scion tC",2020-12-17,"truecar",0,0,0,0,0,0,0,0,0,1,0,0,3,2
6599,152699,"2009","Scion tC",2020-12-17,"truecar",0,0,0,0,1,0,0,0,0,0,0,0,3,2
6995,129283,"2009","Scion tC",2020-12-17,"truecar",0,0,0,0,1,0,0,0,0,0,0,0,3,2
5991,139346,"2008","Scion tC",2020-12-17,"truecar",0,0,0,1,0,0,0,0,0,0,0,0,3,2
16000,46818,"2016","Scion tC",2020-12-17,"truecar",0,0,0,0,0,0,0,0,0,0,0,1,3,2
12991,66460,"2014","Scion tC",2020-12-17,"truecar",0,0,0,0,0,0,0,0,0,1,0,0,3,2
12950,72577,"2015","Scion tC",2020-12-17,"truecar",0,0,0,0,0,0,0,0,0,0,1,0,3,2
9999,113020,"2013","Scion tC",2020-12-17,"truecar",0,0,0,0,0,0,0,0,1,0,0,0,3,2
9988,132027,"2007","Scion tC",2020-12-17,"truecar",0,0,1,0,0,0,0,0,0,0,0,0,3,2
9995,90005,"2012","Scion tC",2020-12-17,"truecar",0,0,0,0,0,0,0,1,0,0,0,0,3,2
5595,151675,"2008","Scion tC",2020-12-17,"truecar",0,0,0,1,0,0,0,0,0,0,0,0,3,2
10998,99116,"2013","Scion tC",2020-12-17,"truecar",0,0,0,0,0,0,0,0,1,0,0,0,3,2
11105,84506,"2015","Scion tC",2021-01-28,"autotrader",0,0,0,0,0,0,0,0,0,0,1,0,1,2
11800,72333,"2015","Scion tC",2021-01-28,"autotrader",0,0,0,0,0,0,0,0,0,0,1,0,1,2
12888,62303,"2015","Scion tC",2021-01-28,"autotrader",0,0,0,0,0,0,0,0,0,0,1,0,1,2
11892,83173,"2015","Scion tC",2021-01-28,"autotrader",0,0,0,0,0,0,0,0,0,0,1,0,1,2
11992,73684,"2016","Scion tC",2021-01-28,"autotrader",0,0,0,0,0,0,0,0,0,0,0,1,1,2
4800,153025,"2008","Scion tC",2021-01-28,"autotrader",0,0,0,1,0,0,0,0,0,0,0,0,1,2
9499,122665,"2014","Scion tC",2021-01-28,"autotrader",0,0,0,0,0,0,0,0,0,1,0,0,1,2
11688,70087,"2014","Scion tC",2021-01-28,"autotrader",0,0,0,0,0,0,0,0,0,1,0,0,1,2
12888,66370,"2016","Scion tC",2021-01-28,"autotrader",0,0,0,0,0,0,0,0,0,0,0,1,1,2
11798,78451,"2014","Scion tC 10 Series",2021-01-28,"autotrader",0,0,0,0,0,0,0,0,0,1,0,0,1,2
7888,131389,"2012","Scion tC",2021-01-28,"autotrader",0,0,0,0,0,0,0,1,0,0,0,0,1,2
10687,85271,"2014","Scion tC",2021-01-28,"autotrader",0,0,0,0,0,0,0,0,0,1,0,0,1,2
13500,57108,"2014","Scion tC",2021-01-28,"autotrader",0,0,0,0,0,0,0,0,0,1,0,0,1,2
11331,81314,"2014","Scion tC",2021-01-28,"autotrader",0,0,0,0,0,0,0,0,0,1,0,0,1,2
4995,137798,"2006","Scion tC",2021-01-28,"autotrader",0,1,0,0,0,0,0,0,0,0,0,0,1,2
11219,99748,"2015","Scion tC",2021-01-28,"autotrader",0,0,0,0,0,0,0,0,0,0,1,0,1,2
8675,128265,"2013","Scion tC",2021-01-28,"autotrader",0,0,0,0,0,0,0,0,1,0,0,0,1,2
12895,66812,"2015","Scion tC",2021-01-28,"autotrader",0,0,0,0,0,0,0,0,0,0,1,0,1,2
14998,46256,"2014","Scion tC",2021-01-28,"autotrader",0,0,0,0,0,0,0,0,0,1,0,0,1,2
13990,46628,"2014","Scion tC",2021-01-28,"autotrader",0,0,0,0,0,0,0,0,0,1,0,0,1,2
11675,82536,"2014","Scion tC",2021-01-28,"autotrader",0,0,0,0,0,0,0,0,0,1,0,0,1,2
4760,203111,"2007","Scion tC",2021-01-28,"autotrader",0,0,1,0,0,0,0,0,0,0,0,0,1,2
11987,116018,"2015","Scion tC",2021-01-28,"autotrader",0,0,0,0,0,0,0,0,0,0,1,0,1,2
5995,135633,"2008","Scion tC Spec",2021-01-28,"autotrader",0,0,0,1,0,0,0,0,0,0,0,0,1,2
8300,72000,"2015","Scion tC",2021-01-28,"autotrader",0,0,0,0,0,0,0,0,0,0,1,0,1,2
10433,84395,"2014","Scion tC",2021-01-28,"autotrader",0,0,0,0,0,0,0,0,0,1,0,0,1,2
3900,103595,"2008","Scion tC",2021-01-28,"autotrader",0,0,0,1,0,0,0,0,0,0,0,0,1,2
8497,113218,"2013","Scion tC",2021-01-28,"autotrader",0,0,0,0,0,0,0,0,1,0,0,0,1,2
6995,113435,"2008","Scion tC",2021-01-28,"autotrader",0,0,0,1,0,0,0,0,0,0,0,0,1,2
9995,93978,"2013","Scion tC",2021-01-28,"autotrader",0,0,0,0,0,0,0,0,1,0,0,0,1,2
4999,78258,"2005","Scion tC",2021-01-28,"autotrader",1,0,0,0,0,0,0,0,0,0,0,0,1,2
12995,49364,"2013","Scion tC",2021-01-28,"autotrader",0,0,0,0,0,0,0,0,1,0,0,0,1,2
13499,47553,"2014","Scion tC Monogram Series",2021-01-28,"autotrader",0,0,0,0,0,0,0,0,0,1,0,0,1,2
8595,60998,"2010","Scion tC",2021-01-28,"autotrader",0,0,0,0,0,1,0,0,0,0,0,0,1,2
14995,44887,"2014","Scion tC Monogram Series",2021-01-28,"autotrader",0,0,0,0,0,0,0,0,0,1,0,0,1,2
6900,75750,"2009","Scion tC",2021-01-28,"autotrader",0,0,0,0,1,0,0,0,0,0,0,0,1,2
4796,138919,"2005","Scion tC",2021-01-28,"autotrader",1,0,0,0,0,0,0,0,0,0,0,0,1,2
13999,89678,"2015","Scion tC",2021-01-28,"autotrader",0,0,0,0,0,0,0,0,0,0,1,0,1,2
6200,121906,"2010","Scion tC",2021-01-28,"autotrader",0,0,0,0,0,1,0,0,0,0,0,0,1,2
9497,109649,"2010","Scion tC",2021-01-28,"autotrader",0,0,0,0,0,1,0,0,0,0,0,0,1,2
6900,99260,"2006","Scion tC",2021-01-28,"autotrader",0,1,0,0,0,0,0,0,0,0,0,0,1,2
6495,127494,"2007","Scion tC",2021-01-28,"autotrader",0,0,1,0,0,0,0,0,0,0,0,0,1,2
8999,96035,"2010","Scion tC",2021-01-28,"autotrader",0,0,0,0,0,1,0,0,0,0,0,0,1,2
6995,89532,"2008","Scion tC",2021-01-28,"autotrader",0,0,0,1,0,0,0,0,0,0,0,0,1,2
4250,198325,"2005","Scion tC",2021-01-28,"autotrader",1,0,0,0,0,0,0,0,0,0,0,0,1,2
7800,112702,"2012","Scion tC",2021-01-28,"autotrader",0,0,0,0,0,0,0,1,0,0,0,0,1,2
9995,91097,"2013","Scion tC",2021-01-28,"autotrader",0,0,0,0,0,0,0,0,1,0,0,0,1,2
10793,88516,"2013","Scion tC",2021-01-28,"autotrader",0,0,0,0,0,0,0,0,1,0,0,0,1,2
12879,55190,"2015","Scion tC",2021-01-28,"autotrader",0,0,0,0,0,0,0,0,0,0,1,0,1,2
13995,61938,"2015","Scion tC",2021-01-28,"autotrader",0,0,0,0,0,0,0,0,0,0,1,0,1,2
16995,31467,"2015","Scion tC",2021-01-28,"autotrader",0,0,0,0,0,0,0,0,0,0,1,0,1,2
13988,85585,"2015","Scion tC",2021-01-28,"autotrader",0,0,0,0,0,0,0,0,0,0,1,0,1,2
7988,83576,"2013","Scion tC Release Series 8.0",2021-01-28,"autotrader",0,0,0,0,0,0,0,0,1,0,0,0,1,2
5499,117514,"2006","Scion tC",2021-01-28,"autotrader",0,1,0,0,0,0,0,0,0,0,0,0,1,2
11995,64307,"2014","Scion tC",2021-01-28,"autotrader",0,0,0,0,0,0,0,0,0,1,0,0,1,2
11994,100139,"2015","Scion tC",2021-01-28,"autotrader",0,0,0,0,0,0,0,0,0,0,1,0,1,2
7985,150184,"2012","Scion tC",2021-01-28,"autotrader",0,0,0,0,0,0,0,1,0,0,0,0,1,2
9495,91011,"2011","Scion tC",2021-01-28,"autotrader",0,0,0,0,0,0,1,0,0,0,0,0,1,2
10695,98659,"2013","Scion tC",2021-01-28,"autotrader",0,0,0,0,0,0,0,0,1,0,0,0,1,2
3986,129421,"2009","Scion tC",2021-01-28,"autotrader",0,0,0,0,1,0,0,0,0,0,0,0,1,2
6950,138028,"2013","Scion tC",2021-01-28,"autotrader",0,0,0,0,0,0,0,0,1,0,0,0,1,2
4995,131654,"2006","Scion tC",2021-01-28,"autotrader",0,1,0,0,0,0,0,0,0,0,0,0,1,2
15995,44520,"2015","Scion tC",2021-01-28,"autotrader",0,0,0,0,0,0,0,0,0,0,1,0,1,2
15998,39850,"2016","Scion tC Base",2021-01-28,"cars",0,0,0,0,0,0,0,0,0,0,0,1,2,2
7988,83576,"2013","Scion tC Release Series 8.0",2021-01-28,"cars",0,0,0,0,0,0,0,0,1,0,0,0,2,2
14995,40515,"2016","Scion tC Base",2021-01-28,"cars",0,0,0,0,0,0,0,0,0,0,0,1,2,2
11590,88104,"2015","Scion tC",2021-01-28,"cars",0,0,0,0,0,0,0,0,0,0,1,0,2,2
11990,72762,"2013","Scion tC",2021-01-28,"cars",0,0,0,0,0,0,0,0,1,0,0,0,2,2
13590,36584,"2012","Scion tC Release Series 7.0",2021-01-28,"cars",0,0,0,0,0,0,0,1,0,0,0,0,2,2
10990,48965,"2012","Scion tC",2021-01-28,"cars",0,0,0,0,0,0,0,1,0,0,0,0,2,2
4800,153025,"2008","Scion tC",2021-01-28,"cars",0,0,0,1,0,0,0,0,0,0,0,0,2,2
4500,138120,"2009","Scion tC",2021-01-28,"cars",0,0,0,0,1,0,0,0,0,0,0,0,2,2
10590,104072,"2012","Scion tC",2021-01-28,"cars",0,0,0,0,0,0,0,1,0,0,0,0,2,2
11990,50625,"2010","Scion tC",2021-01-28,"cars",0,0,0,0,0,1,0,0,0,0,0,0,2,2
12590,54189,"2011","Scion tC Base",2021-01-28,"cars",0,0,0,0,0,0,1,0,0,0,0,0,2,2
13599,89949,"2016","Scion tC Base",2021-01-28,"cars",0,0,0,0,0,0,0,0,0,0,0,1,2,2
5495,124018,"2007","Scion tC Base",2021-01-28,"cars",0,0,1,0,0,0,0,0,0,0,0,0,2,2
9499,122665,"2014","Scion tC Base",2021-01-28,"cars",0,0,0,0,0,0,0,0,0,1,0,0,2,2
7888,131389,"2012","Scion tC Base",2021-01-28,"cars",0,0,0,0,0,0,0,1,0,0,0,0,2,2
11800,72333,"2015","Scion tC Base",2021-01-28,"cars",0,0,0,0,0,0,0,0,0,0,1,0,2,2
11688,70087,"2014","Scion tC Base",2021-01-28,"cars",0,0,0,0,0,0,0,0,0,1,0,0,2,2
13499,47553,"2014","Scion tC Monogram",2021-01-28,"cars",0,0,0,0,0,0,0,0,0,1,0,0,2,2
4796,138919,"2005","Scion tC",2021-01-28,"cars",1,0,0,0,0,0,0,0,0,0,0,0,2,2
11590,83978,"2013","Scion tC",2021-01-28,"cars",0,0,0,0,0,0,0,0,1,0,0,0,2,2
11990,84910,"2014","Scion tC Monogram",2021-01-28,"cars",0,0,0,0,0,0,0,0,0,1,0,0,2,2
10990,86195,"2013","Scion tC",2021-01-28,"cars",0,0,0,0,0,0,0,0,1,0,0,0,2,2
10590,65960,"2013","Scion tC",2021-01-28,"cars",0,0,0,0,0,0,0,0,1,0,0,0,2,2
15590,36694,"2013","Scion tC Release Series 8.0",2021-01-28,"cars",0,0,0,0,0,0,0,0,1,0,0,0,2,2
13990,62051,"2014","Scion tC",2021-01-28,"cars",0,0,0,0,0,0,0,0,0,1,0,0,2,2
12990,20512,"2012","Scion tC",2021-01-28,"cars",0,0,0,0,0,0,0,1,0,0,0,0,2,2
13590,84897,"2015","Scion tC",2021-01-28,"cars",0,0,0,0,0,0,0,0,0,0,1,0,2,2
7995,120599,"2011","Scion tC Base",2021-01-28,"cars",0,0,0,0,0,0,1,0,0,0,0,0,2,2
6995,113435,"2008","Scion tC",2021-01-28,"cars",0,0,0,1,0,0,0,0,0,0,0,0,2,2
4760,203111,"2007","Scion tC Base",2021-01-28,"cars",0,0,1,0,0,0,0,0,0,0,0,0,2,2
8497,113218,"2013","Scion tC",2021-01-28,"cars",0,0,0,0,0,0,0,0,1,0,0,0,2,2
15998,44977,"2015","Scion tC",2021-01-28,"cars",0,0,0,0,0,0,0,0,0,0,1,0,2,2
15998,38973,"2015","Scion tC",2021-01-28,"cars",0,0,0,0,0,0,0,0,0,0,1,0,2,2
13500,57108,"2014","Scion tC",2021-01-28,"cars",0,0,0,0,0,0,0,0,0,1,0,0,2,2
15995,44520,"2015","Scion tC",2021-01-28,"cars",0,0,0,0,0,0,0,0,0,0,1,0,2,2
14995,59548,"2016","Scion tC Base",2021-01-28,"cars",0,0,0,0,0,0,0,0,0,0,0,1,2,2
11987,116018,"2015","Scion tC Base",2021-01-28,"cars",0,0,0,0,0,0,0,0,0,0,1,0,2,2
13990,46628,"2014","Scion tC",2021-01-28,"cars",0,0,0,0,0,0,0,0,0,1,0,0,2,2
15998,51008,"2015","Scion tC",2021-01-28,"cars",0,0,0,0,0,0,0,0,0,0,1,0,2,2
12888,66370,"2016","Scion tC Base",2021-01-28,"cars",0,0,0,0,0,0,0,0,0,0,0,1,2,2
6200,121906,"2010","Scion tC",2021-01-28,"cars",0,0,0,0,0,1,0,0,0,0,0,0,2,2
4999,78258,"2005","Scion tC",2021-01-28,"cars",1,0,0,0,0,0,0,0,0,0,0,0,2,2
12998,59737,"2011","Scion tC Base",2021-01-28,"cars",0,0,0,0,0,0,1,0,0,0,0,0,2,2
9495,91011,"2011","Scion tC Base",2021-01-28,"cars",0,0,0,0,0,0,1,0,0,0,0,0,2,2
11219,99748,"2015","Scion tC Base",2021-01-28,"cars",0,0,0,0,0,0,0,0,0,0,1,0,2,2
13599,56667,"2014","Scion tC",2021-01-28,"cars",0,0,0,0,0,0,0,0,0,1,0,0,2,2
10482,93741,"2013","Scion tC",2021-01-28,"cars",0,0,0,0,0,0,0,0,1,0,0,0,2,2
9495,94603,"2011","Scion tC Base",2021-01-28,"cars",0,0,0,0,0,0,1,0,0,0,0,0,2,2
12995,49364,"2013","Scion tC Base",2021-01-28,"cars",0,0,0,0,0,0,0,0,1,0,0,0,2,2
6995,129085,"2010","Scion tC",2021-01-28,"cars",0,0,0,0,0,1,0,0,0,0,0,0,2,2
6995,74267,"2009","Scion tC",2021-01-28,"cars",0,0,0,0,1,0,0,0,0,0,0,0,2,2
14988,85585,"2015","Scion tC 9.0",2021-01-28,"cars",0,0,0,0,0,0,0,0,0,0,1,0,2,2
10599,125789,"2014","Scion tC",2021-01-28,"cars",0,0,0,0,0,0,0,0,0,1,0,0,2,2
9995,93978,"2013","Scion tC SPORTS 6-SPD",2021-01-28,"cars",0,0,0,0,0,0,0,0,1,0,0,0,2,2
14998,46256,"2014","Scion tC",2021-01-28,"cars",0,0,0,0,0,0,0,0,0,1,0,0,2,2
11331,81314,"2014","Scion tC",2021-01-28,"cars",0,0,0,0,0,0,0,0,0,1,0,0,2,2
12395,63466,"2014","Scion tC",2021-01-28,"cars",0,0,0,0,0,0,0,0,0,1,0,0,2,2
11994,100139,"2015","Scion tC Base",2021-01-28,"cars",0,0,0,0,0,0,0,0,0,0,1,0,2,2
8675,128265,"2013","Scion tC",2021-01-28,"cars",0,0,0,0,0,0,0,0,1,0,0,0,2,2
10687,85271,"2014","Scion tC",2021-01-28,"cars",0,0,0,0,0,0,0,0,0,1,0,0,2,2
10433,84395,"2014","Scion tC Base",2021-01-28,"cars",0,0,0,0,0,0,0,0,0,1,0,0,2,2
6900,75750,"2009","Scion tC",2021-01-28,"cars",0,0,0,0,1,0,0,0,0,0,0,0,2,2
10999,99128,"2013","Scion tC",2021-01-28,"cars",0,0,0,0,0,0,0,0,1,0,0,0,2,2
8999,96035,"2010","Scion tC",2021-01-28,"cars",0,0,0,0,0,1,0,0,0,0,0,0,2,2
10793,88516,"2013","Scion tC Base",2021-01-28,"cars",0,0,0,0,0,0,0,0,1,0,0,0,2,2
13499,47553,"2014","Scion tC",2021-01-28,"truecar",0,0,0,0,0,0,0,0,0,1,0,0,3,2
10588,108803,"2016","Scion tC",2021-01-28,"truecar",0,0,0,0,0,0,0,0,0,0,0,1,3,2
4500,138120,"2009","Scion tC",2021-01-28,"truecar",0,0,0,0,1,0,0,0,0,0,0,0,3,2
7988,83576,"2013","Scion tC",2021-01-28,"truecar",0,0,0,0,0,0,0,0,1,0,0,0,3,2
6950,138028,"2013","Scion tC",2021-01-28,"truecar",0,0,0,0,0,0,0,0,1,0,0,0,3,2
7995,120599,"2011","Scion tC",2021-01-28,"truecar",0,0,0,0,0,0,1,0,0,0,0,0,3,2
4760,203111,"2007","Scion tC",2021-01-28,"truecar",0,0,1,0,0,0,0,0,0,0,0,0,3,2
4555,162849,"2008","Scion tC",2021-01-28,"truecar",0,0,0,1,0,0,0,0,0,0,0,0,3,2
11800,72333,"2015","Scion tC",2021-01-28,"truecar",0,0,0,0,0,0,0,0,0,0,1,0,3,2
8499,86567,"2011","Scion tC",2021-01-28,"truecar",0,0,0,0,0,0,1,0,0,0,0,0,3,2
11990,71816,"2015","Scion tC",2021-01-28,"truecar",0,0,0,0,0,0,0,0,0,0,1,0,3,2
6999,119093,"2012","Scion tC",2021-01-28,"truecar",0,0,0,0,0,0,0,1,0,0,0,0,3,2
10687,85271,"2014","Scion tC",2021-01-28,"truecar",0,0,0,0,0,0,0,0,0,1,0,0,3,2
9499,122665,"2014","Scion tC",2021-01-28,"truecar",0,0,0,0,0,0,0,0,0,1,0,0,3,2
9991,83955,"2014","Scion tC",2021-01-28,"truecar",0,0,0,0,0,0,0,0,0,1,0,0,3,2
11219,99748,"2015","Scion tC",2021-01-28,"truecar",0,0,0,0,0,0,0,0,0,0,1,0,3,2
4995,131654,"2006","Scion tC",2021-01-28,"truecar",0,1,0,0,0,0,0,0,0,0,0,0,3,2
12879,55190,"2015","Scion tC",2021-01-28,"truecar",0,0,0,0,0,0,0,0,0,0,1,0,3,2
7888,131389,"2012","Scion tC",2021-01-28,"truecar",0,0,0,0,0,0,0,1,0,0,0,0,3,2
6900,99260,"2006","Scion tC",2021-01-28,"truecar",0,1,0,0,0,0,0,0,0,0,0,0,3,2
4999,132389,"2007","Scion tC",2021-01-28,"truecar",0,0,1,0,0,0,0,0,0,0,0,0,3,2
11675,82536,"2014","Scion tC",2021-01-28,"truecar",0,0,0,0,0,0,0,0,0,1,0,0,3,2
11990,84910,"2014","Scion tC",2021-01-28,"truecar",0,0,0,0,0,0,0,0,0,1,0,0,3,2
10990,86195,"2013","Scion tC",2021-01-28,"truecar",0,0,0,0,0,0,0,0,1,0,0,0,3,2
11688,70087,"2014","Scion tC",2021-01-28,"truecar",0,0,0,0,0,0,0,0,0,1,0,0,3,2
10500,41587,"2016","Scion tC",2021-01-28,"truecar",0,0,0,0,0,0,0,0,0,0,0,1,3,2
12990,68940,"2014","Scion tC",2021-01-28,"truecar",0,0,0,0,0,0,0,0,0,1,0,0,3,2
9495,91011,"2011","Scion tC",2021-01-28,"truecar",0,0,0,0,0,0,1,0,0,0,0,0,3,2
13990,59618,"2015","Scion tC",2021-01-28,"truecar",0,0,0,0,0,0,0,0,0,0,1,0,3,2
11990,72762,"2013","Scion tC",2021-01-28,"truecar",0,0,0,0,0,0,0,0,1,0,0,0,3,2
9995,108350,"2014","Scion tC",2021-01-28,"truecar",0,0,0,0,0,0,0,0,0,1,0,0,3,2
13990,46628,"2014","Scion tC",2021-01-28,"truecar",0,0,0,0,0,0,0,0,0,1,0,0,3,2
12590,54189,"2011","Scion tC",2021-01-28,"truecar",0,0,0,0,0,0,1,0,0,0,0,0,3,2
11590,83978,"2013","Scion tC",2021-01-28,"truecar",0,0,0,0,0,0,0,0,1,0,0,0,3,2
9500,67749,"2015","Scion tC",2021-01-28,"truecar",0,0,0,0,0,0,0,0,0,0,1,0,3,2
10793,88516,"2013","Scion tC",2021-01-28,"truecar",0,0,0,0,0,0,0,0,1,0,0,0,3,2
13990,62051,"2014","Scion tC",2021-01-28,"truecar",0,0,0,0,0,0,0,0,0,1,0,0,3,2
13590,84897,"2015","Scion tC",2021-01-28,"truecar",0,0,0,0,0,0,0,0,0,0,1,0,3,2
10695,98659,"2013","Scion tC",2021-01-28,"truecar",0,0,0,0,0,0,0,0,1,0,0,0,3,2
9497,109649,"2010","Scion tC",2021-01-28,"truecar",0,0,0,0,0,1,0,0,0,0,0,0,3,2
13999,89678,"2015","Scion tC",2021-01-28,"truecar",0,0,0,0,0,0,0,0,0,0,1,0,3,2
14995,56689,"2014","Scion tC",2021-01-28,"truecar",0,0,0,0,0,0,0,0,0,1,0,0,3,2
13995,61938,"2015","Scion tC",2021-01-28,"truecar",0,0,0,0,0,0,0,0,0,0,1,0,3,2
14998,46256,"2014","Scion tC",2021-01-28,"truecar",0,0,0,0,0,0,0,0,0,1,0,0,3,2
10999,89755,"2011","Scion tC",2021-01-28,"truecar",0,0,0,0,0,0,1,0,0,0,0,0,3,2
14995,44887,"2014","Scion tC",2021-01-28,"truecar",0,0,0,0,0,0,0,0,0,1,0,0,3,2
6350,137111,"2008","Scion tC",2021-01-28,"truecar",0,0,0,1,0,0,0,0,0,0,0,0,3,2
9994,95547,"2012","Scion tC",2021-01-28,"truecar",0,0,0,0,0,0,0,1,0,0,0,0,3,2
7500,95225,"2008","Scion tC",2021-01-28,"truecar",0,0,0,1,0,0,0,0,0,0,0,0,3,2
15995,44520,"2015","Scion tC",2021-01-28,"truecar",0,0,0,0,0,0,0,0,0,0,1,0,3,2
4900,147684,"2009","Scion tC",2021-02-17,"autotrader",0,0,0,0,1,0,0,0,0,0,0,0,1,2
6073,112050,"2007","Scion tC",2021-02-17,"autotrader",0,0,1,0,0,0,0,0,0,0,0,0,1,2
11950,22144,"2012","Scion tC",2021-02-17,"autotrader",0,0,0,0,0,0,0,1,0,0,0,0,1,2
13995,70503,"2016","Scion tC",2021-02-17,"autotrader",0,0,0,0,0,0,0,0,0,0,0,1,1,2
6888,131390,"2012","Scion tC",2021-02-17,"autotrader",0,0,0,0,0,0,0,1,0,0,0,0,1,2
10590,65960,"2013","Scion tC",2021-02-17,"autotrader",0,0,0,0,0,0,0,0,1,0,0,0,1,2
9742,122673,"2014","Scion tC",2021-02-17,"autotrader",0,0,0,0,0,0,0,0,0,1,0,0,1,2
11000,84875,"2014","Scion tC",2021-02-17,"autotrader",0,0,0,0,0,0,0,0,0,1,0,0,1,2
4699,185410,"2007","Scion tC",2021-02-17,"autotrader",0,0,1,0,0,0,0,0,0,0,0,0,1,2
10885,87919,"2013","Scion tC",2021-02-17,"autotrader",0,0,0,0,0,0,0,0,1,0,0,0,1,2
12888,71806,"2015","Scion tC",2021-02-17,"autotrader",0,0,0,0,0,0,0,0,0,0,1,0,1,2
4495,129436,"2009","Scion tC",2021-02-17,"autotrader",0,0,0,0,1,0,0,0,0,0,0,0,1,2
15990,27352,"2015","Scion tC",2021-02-17,"autotrader",0,0,0,0,0,0,0,0,0,0,1,0,1,2
9998,111256,"2014","Scion tC",2021-02-17,"autotrader",0,0,0,0,0,0,0,0,0,1,0,0,1,2
13988,47022,"2016","Scion tC",2021-02-17,"autotrader",0,0,0,0,0,0,0,0,0,0,0,1,1,2
12592,68049,"2016","Scion tC",2021-02-17,"autotrader",0,0,0,0,0,0,0,0,0,0,0,1,1,2
12000,70408,"2015","Scion tC",2021-02-17,"autotrader",0,0,0,0,0,0,0,0,0,0,1,0,1,2
6990,137894,"2011","Scion tC",2021-02-17,"autotrader",0,0,0,0,0,0,1,0,0,0,0,0,1,2
15699,44522,"2015","Scion tC",2021-02-17,"autotrader",0,0,0,0,0,0,0,0,0,0,1,0,1,2
4200,155000,"2006","Scion tC",2021-02-17,"autotrader",0,1,0,0,0,0,0,0,0,0,0,0,1,2
13987,54200,"2015","Scion tC",2021-02-17,"autotrader",0,0,0,0,0,0,0,0,0,0,1,0,1,2
11987,116038,"2015","Scion tC",2021-02-17,"autotrader",0,0,0,0,0,0,0,0,0,0,1,0,1,2
12895,61729,"2016","Scion tC",2021-02-17,"autotrader",0,0,0,0,0,0,0,0,0,0,0,1,1,2
6987,130661,"2012","Scion tC",2021-02-17,"autotrader",0,0,0,0,0,0,0,1,0,0,0,0,1,2
12899,46708,"2015","Scion tC",2021-02-17,"autotrader",0,0,0,0,0,0,0,0,0,0,1,0,1,2
15992,49216,"2016","Scion tC",2021-02-17,"autotrader",0,0,0,0,0,0,0,0,0,0,0,1,1,2
10299,77023,"2016","Scion tC",2021-02-17,"autotrader",0,0,0,0,0,0,0,0,0,0,0,1,1,2
13700,44549,"2015","Scion tC",2021-02-17,"autotrader",0,0,0,0,0,0,0,0,0,0,1,0,1,2
4200,202077,"2007","Scion tC",2021-02-17,"autotrader",0,0,1,0,0,0,0,0,0,0,0,0,1,2
9800,88776,"2013","Scion tC",2021-02-17,"autotrader",0,0,0,0,0,0,0,0,1,0,0,0,1,2
10299,76909,"2016","Scion tC",2021-02-17,"autotrader",0,0,0,0,0,0,0,0,0,0,0,1,1,2
10997,60576,"2014","Scion tC",2021-02-17,"autotrader",0,0,0,0,0,0,0,0,0,1,0,0,1,2
4490,191322,"2007","Scion tC",2021-02-17,"autotrader",0,0,1,0,0,0,0,0,0,0,0,0,1,2
8988,188334,"2011","Scion tC",2021-02-17,"autotrader",0,0,0,0,0,0,1,0,0,0,0,0,1,2
6999,119093,"2012","Scion tC",2021-02-17,"autotrader",0,0,0,0,0,0,0,1,0,0,0,0,1,2
10999,55969,"2015","Scion tC",2021-02-17,"autotrader",0,0,0,0,0,0,0,0,0,0,1,0,1,2
9888,106613,"2013","Scion tC",2021-02-17,"autotrader",0,0,0,0,0,0,0,0,1,0,0,0,1,2
5988,98000,"2008","Scion tC",2021-02-17,"autotrader",0,0,0,1,0,0,0,0,0,0,0,0,1,2
10358,84405,"2014","Scion tC",2021-02-17,"autotrader",0,0,0,0,0,0,0,0,0,1,0,0,1,2
6988,146249,"2013","Scion tC",2021-02-17,"autotrader",0,0,0,0,0,0,0,0,1,0,0,0,1,2
7500,38500,"2008","Scion tC",2021-02-17,"autotrader",0,0,0,1,0,0,0,0,0,0,0,0,1,2
5495,163494,"2010","Scion tC",2021-02-17,"autotrader",0,0,0,0,0,1,0,0,0,0,0,0,1,2
6073,112050,"2007","Scion tC Base",2021-02-17,"cars",0,0,1,0,0,0,0,0,0,0,0,0,2,2
4900,147684,"2009","Scion tC",2021-02-17,"cars",0,0,0,0,1,0,0,0,0,0,0,0,2,2
11950,22144,"2012","Scion tC",2021-02-17,"cars",0,0,0,0,0,0,0,1,0,0,0,0,2,2
9800,88776,"2013","Scion tC Base",2021-02-17,"cars",0,0,0,0,0,0,0,0,1,0,0,0,2,2
12895,61729,"2016","Scion tC Base",2021-02-17,"cars",0,0,0,0,0,0,0,0,0,0,0,1,2,2
13995,70503,"2016","Scion tC",2021-02-17,"cars",0,0,0,0,0,0,0,0,0,0,0,1,2,2
12990,74690,"2015","Scion tC Release Series 9.0",2021-02-17,"cars",0,0,0,0,0,0,0,0,0,0,1,0,2,2
9742,122673,"2014","Scion tC Base",2021-02-17,"cars",0,0,0,0,0,0,0,0,0,1,0,0,2,2
6888,131390,"2012","Scion tC Base",2021-02-17,"cars",0,0,0,0,0,0,0,1,0,0,0,0,2,2
7495,72611,"2008","Scion tC",2021-02-17,"cars",0,0,0,1,0,0,0,0,0,0,0,0,2,2
10998,94680,"2013","Scion tC",2021-02-17,"cars",0,0,0,0,0,0,0,0,1,0,0,0,2,2
14795,44984,"2016","Scion tC Base",2021-02-17,"cars",0,0,0,0,0,0,0,0,0,0,0,1,2,2
12590,91683,"2013","Scion tC",2021-02-17,"cars",0,0,0,0,0,0,0,0,1,0,0,0,2,2
4490,191322,"2007","Scion tC Base",2021-02-17,"cars",0,0,1,0,0,0,0,0,0,0,0,0,2,2
11000,84875,"2014","Scion tC Base",2021-02-17,"cars",0,0,0,0,0,0,0,0,0,1,0,0,2,2
6995,148853,"2011","Scion tC Base",2021-02-17,"cars",0,0,0,0,0,0,1,0,0,0,0,0,2,2
6990,137894,"2011","Scion tC Base",2021-02-17,"cars",0,0,0,0,0,0,1,0,0,0,0,0,2,2
13700,44549,"2015","Scion tC",2021-02-17,"cars",0,0,0,0,0,0,0,0,0,0,1,0,2,2
9998,114981,"2011","Scion tC Base",2021-02-17,"cars",0,0,0,0,0,0,1,0,0,0,0,0,2,2
16998,29868,"2016","Scion tC Base",2021-02-17,"cars",0,0,0,0,0,0,0,0,0,0,0,1,2,2
11987,116038,"2015","Scion tC Base",2021-02-17,"cars",0,0,0,0,0,0,0,0,0,0,1,0,2,2
5988,98000,"2008","Scion tC",2021-02-17,"cars",0,0,0,1,0,0,0,0,0,0,0,0,2,2
9998,111256,"2014","Scion tC Anniversary Edition",2021-02-17,"cars",0,0,0,0,0,0,0,0,0,1,0,0,2,2
7495,86814,"2007","Scion tC Base",2021-02-17,"cars",0,0,1,0,0,0,0,0,0,0,0,0,2,2
12988,78472,"2013","Scion tC",2021-02-17,"cars",0,0,0,0,0,0,0,0,1,0,0,0,2,2
14998,65065,"2016","Scion tC Base",2021-02-17,"cars",0,0,0,0,0,0,0,0,0,0,0,1,2,2
8988,188334,"2011","Scion tC Base",2021-02-17,"cars",0,0,0,0,0,0,1,0,0,0,0,0,2,2
10995,114000,"2015","Scion tC",2021-02-17,"cars",0,0,0,0,0,0,0,0,0,0,1,0,2,2
7500,38500,"2008","Scion tC",2021-02-17,"cars",0,0,0,1,0,0,0,0,0,0,0,0,2,2
12899,46708,"2015","Scion tC",2021-02-17,"cars",0,0,0,0,0,0,0,0,0,0,1,0,2,2
10997,60576,"2014","Scion tC",2021-02-17,"cars",0,0,0,0,0,0,0,0,0,1,0,0,2,2
10999,55969,"2015","Scion tC",2021-02-17,"cars",0,0,0,0,0,0,0,0,0,0,1,0,2,2
13988,47022,"2016","Scion tC Base",2021-02-17,"cars",0,0,0,0,0,0,0,0,0,0,0,1,2,2
13987,54200,"2015","Scion tC",2021-02-17,"cars",0,0,0,0,0,0,0,0,0,0,1,0,2,2
15699,44522,"2015","Scion tC",2021-02-17,"cars",0,0,0,0,0,0,0,0,0,0,1,0,2,2
9888,106613,"2013","Scion tC Base",2021-02-17,"cars",0,0,0,0,0,0,0,0,1,0,0,0,2,2
12000,70408,"2015","Scion tC",2021-02-17,"cars",0,0,0,0,0,0,0,0,0,0,1,0,2,2
10299,77023,"2016","Scion tC",2021-02-17,"truecar",0,0,0,0,0,0,0,0,0,0,0,1,3,2
10299,76909,"2016","Scion tC",2021-02-17,"truecar",0,0,0,0,0,0,0,0,0,0,0,1,3,2
5200,147684,"2009","Scion tC",2021-02-17,"truecar",0,0,0,0,1,0,0,0,0,0,0,0,3,2
10999,55969,"2015","Scion tC",2021-02-17,"truecar",0,0,0,0,0,0,0,0,0,0,1,0,3,2
7150,121044,"2012","Scion tC",2021-02-17,"truecar",0,0,0,0,0,0,0,1,0,0,0,0,3,2
6988,146249,"2013","Scion tC",2021-02-17,"truecar",0,0,0,0,0,0,0,0,1,0,0,0,3,2
4699,185406,"2007","Scion tC",2021-02-17,"truecar",0,0,1,0,0,0,0,0,0,0,0,0,3,2
6888,131390,"2012","Scion tC",2021-02-17,"truecar",0,0,0,0,0,0,0,1,0,0,0,0,3,2
6995,107499,"2011","Scion tC",2021-02-17,"truecar",0,0,0,0,0,0,1,0,0,0,0,0,3,2
8500,100600,"2012","Scion tC",2021-02-17,"truecar",0,0,0,0,0,0,0,1,0,0,0,0,3,2
12592,68049,"2016","Scion tC",2021-02-17,"truecar",0,0,0,0,0,0,0,0,0,0,0,1,3,2
13700,44549,"2015","Scion tC",2021-02-17,"truecar",0,0,0,0,0,0,0,0,0,0,1,0,3,2
6990,137894,"2011","Scion tC",2021-02-17,"truecar",0,0,0,0,0,0,1,0,0,0,0,0,3,2
13995,70503,"2016","Scion tC",2021-02-17,"truecar",0,0,0,0,0,0,0,0,0,0,0,1,3,2
12491,83289,"2016","Scion tC",2021-02-17,"truecar",0,0,0,0,0,0,0,0,0,0,0,1,3,2
6995,148853,"2011","Scion tC",2021-02-17,"truecar",0,0,0,0,0,0,1,0,0,0,0,0,3,2
13988,47022,"2016","Scion tC",2021-02-17,"truecar",0,0,0,0,0,0,0,0,0,0,0,1,3,2
5495,145000,"2007","Scion tC",2021-02-17,"truecar",0,0,1,0,0,0,0,0,0,0,0,0,3,2
8990,94299,"2010","Scion tC",2021-02-17,"truecar",0,0,0,0,0,1,0,0,0,0,0,0,3,2
12899,46708,"2015","Scion tC",2021-02-17,"truecar",0,0,0,0,0,0,0,0,0,0,1,0,3,2
11000,84875,"2014","Scion tC",2021-02-17,"truecar",0,0,0,0,0,0,0,0,0,1,0,0,3,2
13590,65621,"2015","Scion tC",2021-02-17,"truecar",0,0,0,0,0,0,0,0,0,0,1,0,3,2
9742,122673,"2014","Scion tC",2021-02-17,"truecar",0,0,0,0,0,0,0,0,0,1,0,0,3,2
7495,72611,"2008","Scion tC",2021-02-17,"truecar",0,0,0,1,0,0,0,0,0,0,0,0,3,2
12990,68973,"2014","Scion tC",2021-02-17,"truecar",0,0,0,0,0,0,0,0,0,1,0,0,3,2
12000,70408,"2015","Scion tC",2021-02-17,"truecar",0,0,0,0,0,0,0,0,0,0,1,0,3,2
14990,40598,"2014","Scion tC",2021-02-17,"truecar",0,0,0,0,0,0,0,0,0,1,0,0,3,2
15990,17418,"2013","Scion tC",2021-02-17,"truecar",0,0,0,0,0,0,0,0,1,0,0,0,3,2
12590,91683,"2013","Scion tC",2021-02-17,"truecar",0,0,0,0,0,0,0,0,1,0,0,0,3,2
5100,171936,"2008","Scion tC",2021-02-17,"truecar",0,0,0,1,0,0,0,0,0,0,0,0,3,2
13987,54200,"2015","Scion tC",2021-02-17,"truecar",0,0,0,0,0,0,0,0,0,0,1,0,3,2
13995,63600,"2015","Scion tC",2021-02-17,"truecar",0,0,0,0,0,0,0,0,0,0,1,0,3,2
7500,38500,"2008","Scion tC",2021-02-17,"truecar",0,0,0,1,0,0,0,0,0,0,0,0,3,2
15699,44522,"2015","Scion tC",2021-02-17,"truecar",0,0,0,0,0,0,0,0,0,0,1,0,3,2
4995,197224,"2008","Scion tC",2021-02-17,"truecar",0,0,0,1,0,0,0,0,0,0,0,0,3,2
12988,78472,"2013","Scion tC",2021-02-17,"truecar",0,0,0,0,0,0,0,0,1,0,0,0,3,2
9995,118900,"2012","Scion tC",2021-02-17,"truecar",0,0,0,0,0,0,0,1,0,0,0,0,3,2
8999,96035,"2010","Scion tC",2021-02-17,"truecar",0,0,0,0,0,1,0,0,0,0,0,0,3,2
